キャラ名	追加日	音声データ提供者名	キャラクターサイトURL	イラスト著者名	イラストURL	ダウンロードURL
想音いくる	2013/11/20	P名いつかほしいP/迂歪菜	http://utauomoine8.jimdo.com/	ゆ鳥 さん	http://akihiro0105.web.fc2.com/Downloads/image/htsvoice/omoine_ikuru_htsvoice.png	https://www.dropbox.com/s/lhjwmh6tosmv7tm/%E6%83%B3%E9%9F%B3%E3%81%84%E3%81%8F%E3%82%8B_1.0.zip?dl=1
想音いくと	2013/11/21	P名いつかほしいP/迂歪菜	http://utauomoine8.jimdo.com/	ゆ鳥 さん	http://akihiro0105.web.fc2.com/Downloads/image/htsvoice/omoine_ikuto_htsvoice.png	https://www.dropbox.com/s/5yrh8j4gaqmbn89/%E6%83%B3%E9%9F%B3%E3%81%84%E3%81%8F%E3%81%A8_1.0.zip?dl=1
京歌カオル	2013/11/20	ななかお(kei)	http://yukigarashiro.blog.fc2.com/		http://akihiro0105.web.fc2.com/Downloads/image/htsvoice/keika_kaoru_htsvoice.png	https://www.dropbox.com/s/x1f7bldwjrmzton/%E4%BA%AC%E6%AD%8C%E3%82%AB%E3%82%AA%E3%83%AB_1.0.zip?dl=1
20代男性01	2013/11/25	武人			http://akihiro0105.web.fc2.com/Downloads/image/htsvoice/dummy.png	https://www.dropbox.com/s/vsrsxx0h368ru2m/20%E4%BB%A3%E7%94%B7%E6%80%A701_1.0.zip?dl=1
なないろニジ	2013/11/26	ゆ鳥	http://niji.ken-shin.net/		http://akihiro0105.web.fc2.com/Downloads/image/htsvoice/nanaironiji_htsvoice.png	https://www.dropbox.com/s/rb4t4x1p8x7182r/%E3%81%AA%E3%81%AA%E3%81%84%E3%82%8D%E3%83%8B%E3%82%B8_1.0.zip?dl=1
遠藤愛	2013/11/27	町田子	https://sites.google.com/site/lovemendel/		http://akihiro0105.web.fc2.com/Downloads/image/htsvoice/endou_mederu_htsvoice.png	https://www.dropbox.com/s/aibhqzakxv6a7iw/%E9%81%A0%E8%97%A4%E6%84%9B_1.0.zip?dl=1
遊音一莉	2013/11/28	遊月	http://www.pixiv.net/member_illust.php?mode=medium&illust_id=29766179		http://akihiro0105.web.fc2.com/Downloads/image/htsvoice/asobune_hitori_htsvoice.png	https://www.dropbox.com/s/0afvd64suh51e9g/%E9%81%8A%E9%9F%B3%E4%B8%80%E8%8E%89_1.0.zip?dl=1
スランキ	2013/11/29	机	http://desk17desk.web.fc2.com/		http://akihiro0105.web.fc2.com/Downloads/image/htsvoice/suranki_htsvoice.png	https://www.dropbox.com/s/letu9qbtspuqa68/%E3%82%B9%E3%83%A9%E3%83%B3%E3%82%AD_1.0.zip?dl=1
蒼歌ネロ	2013/12/1	楓夜			http://akihiro0105.web.fc2.com/Downloads/image/htsvoice/souka_nero_htsvoice.png	https://www.dropbox.com/s/1q7ayg05bv8c95x/%E8%92%BC%E6%AD%8C%E3%83%8D%E3%83%AD_1.0.zip?dl=1
緋惺	2013/12/3	元就	http://akesat0.kitunebi.com/		http://akihiro0105.web.fc2.com/Downloads/image/htsvoice/akesato_htsvoice.png	https://www.dropbox.com/s/fbr6wcaoaj6gfs5/%E7%B7%8B%E6%83%BA_1.0.zip?dl=1
天月りよん	2013/12/6	ちおん	http://amatukiriyon.web.fc2.com/		http://akihiro0105.web.fc2.com/Downloads/image/htsvoice/amatuki_riyon_htsvoice.png	https://www.dropbox.com/s/cqfuwsns0kveo75/%E5%A4%A9%E6%9C%88%E3%82%8A%E3%82%88%E3%82%93_1.0.zip?dl=1
句音コノ。	2013/12/8	句。	http://kutouten.jimdo.com/	佐上ぽよん さん	http://akihiro0105.web.fc2.com/Downloads/image/htsvoice/kuon_kono_htsvoice.png	https://www.dropbox.com/s/o6vd5d43spnqiqw/%E5%8F%A5%E9%9F%B3%E3%82%B3%E3%83%8E%E3%80%82_1.0.zip?dl=1
唱地ヨエ	2013/12/11	ロツ	http://kawatoro.jimdo.com/		http://akihiro0105.web.fc2.com/Downloads/image/htsvoice/shouji_yoe_htsvoice.png	https://www.dropbox.com/s/1oqbtc4mqo76r7d/%E5%94%B1%E5%9C%B0%E3%83%A8%E3%82%A8_1.0.zip?dl=1
カマ声ギル子	2014/1/5	イルギル			http://akihiro0105.web.fc2.com/Downloads/image/htsvoice/dummy.png	https://www.dropbox.com/s/ueivoklj4w5alec/%E3%82%AB%E3%83%9E%E5%A3%B0%E3%82%AE%E3%83%AB%E5%AD%90_1.0.zip?dl=1
ワタシ	2014/2/1	もんどりあん・きゅりー(怪loid)			http://akihiro0105.web.fc2.com/Downloads/image/htsvoice/dummy.png	https://www.dropbox.com/s/dhhxe5ax8gq9wf7/%E3%83%AF%E3%82%BF%E3%82%B7_1.0.zip?dl=1
飴音わめあ	2014/2/2	あめころもるぢ	http://www.pixiv.net/member_illust.php?mode=medium&illust_id=20330683		http://akihiro0105.web.fc2.com/Downloads/image/htsvoice/amene_wamea_htsvoice.png	https://www.dropbox.com/s/0a9sdvdc97y8cjy/%E9%A3%B4%E9%9F%B3%E3%82%8F%E3%82%81%E3%81%82_1.0.zip?dl=1
能民音ソウ	2014/2/18	総受けP(能民)	http://notaminesou.jimdo.com/		http://akihiro0105.web.fc2.com/Downloads/image/htsvoice/notamine_sou_htsvoice.png	https://www.dropbox.com/s/wzg3elfzpj3r1nn/%E8%83%BD%E6%B0%91%E9%9F%B3%E3%82%BD%E3%82%A6_1.0.zip?dl=1
空唄カナタ	2014/3/20	神山聖翔	http://kirito19981001.wix.com/orangebox		http://akihiro0105.web.fc2.com/Downloads/image/htsvoice/kuuta_kanata_htsvoice.png	https://www.dropbox.com/s/565p1ezszoukfy7/%E7%A9%BA%E5%94%84%E3%82%AB%E3%83%8A%E3%82%BF_1.0.zip?dl=1
戯歌ラカン	2014/9/1	巽	http://chojugiga.web.fc2.com/	めんスケ さん	http://akihiro0105.web.fc2.com/Downloads/image/htsvoice/giga_rakan_htsvoice.png	https://www.dropbox.com/s/divfct7u7deilpa/%E6%88%AF%E6%AD%8C%E3%83%A9%E3%82%AB%E3%83%B3_1.0.zip?dl=1
誠音コト	2015/3/7	マコロン	http://kotohp.jimdo.com/?logout=1		http://akihiro0105.web.fc2.com/Downloads/image/htsvoice/makone_koto.png	https://www.dropbox.com/s/biaaofnmd9idit1/%E8%AA%A0%E9%9F%B3%E3%82%B3%E3%83%88_1.0.zip?dl=1
白狐舞	2015/6/19	hinaDoll			http://akihiro0105.web.fc2.com/Downloads/image/htsvoice/byako_mai_htsvoice.png	https://www.dropbox.com/s/o9sxfyfd2zo8hk3/%E7%99%BD%E7%8B%90%E8%88%9E_1.1.zip?dl=1
松尾P	2016/1/8	松尾公也			http://akihiro0105.web.fc2.com/Downloads/image/htsvoice/matsuoP.png	https://www.dropbox.com/s/ji63elmcjk60esf/%E6%9D%BE%E5%B0%BEP_1.0.zip?dl=1
瑞歌ミズキ Talk	2016/3/10	水乃瑞吉			http://akihiro0105.web.fc2.com/Downloads/image/htsvoice/dummy.png	https://www.dropbox.com/s/r9upv0z7wa8psb6/%E7%91%9E%E6%AD%8C%E3%83%9F%E3%82%BA%E3%82%AD_Talk_1.0.zip?dl=1
薪宮風季	2016/7/15	おふとんP	http://mohumohuton.web.fc2.com/index.html		http://akihiro0105.web.fc2.com/Downloads/image/htsvoice/makimiya.png	https://www.dropbox.com/s/9ocd1o0a8adabuy/%E8%96%AA%E5%AE%AE%E9%A2%A8%E5%AD%A3_1.0.zip?dl=1
和音シバ	2017/2/27	陣内智宏	https://waonshiba.jimdo.com/		http://akihiro0105.web.fc2.com/Downloads/image/htsvoice/shiba.png	https://www.dropbox.com/s/4bawa2afl4hqzu4/%E5%92%8C%E9%9F%B3%E3%82%B7%E3%83%90_1.0.zip?dl=1
グリマルキン	2019/3/15	加賀美あねこ			http://akihiro0105.web.fc2.com/Downloads/image/htsvoice/gurimarukin.png	https://www.dropbox.com/s/sny6b16eeeayee3/%E3%82%B0%E3%83%AA%E3%83%9E%E3%83%AB%E3%82%AD%E3%83%B3_1.0.zip?dl=1
闇夜 桜	2019/12/20	闇夜 桜	https://twitter.com/yamiyosakura		http://akihiro0105.web.fc2.com/Downloads/image/htsvoice/yamiyosakura.png	https://www.dropbox.com/s/7ut7pfmjoaqdaj3/%E9%97%87%E5%A4%9C%20%E6%A1%9C_1.0.zip?dl=1
月音ラミ	2020/4/27	神瀬来未	https://twitter.com/8248		http://akihiro0105.web.fc2.com/Downloads/image/htsvoice/tsukinelami.png	https://www.dropbox.com/s/vf4je8a4y2v1znz/%E6%9C%88%E9%9F%B3%E3%83%A9%E3%83%9F_1.0.zip?dl=1
桃音モモ	2013/11/16	藤本 萌々子	http://www36.atwiki.jp/momonemomo/	ももももP さん	http://akihiro0105.web.fc2.com/Downloads/image/htsvoice/momone_momo_htsvoice.png	https://www.dropbox.com/s/t96gik07qrn2oes/%E6%A1%83%E9%9F%B3%E3%83%A2%E3%83%A2_1.0.zip?dl=1
獣音ロウ	2013/11/16	ユウマ	http://www.kemononerow.com/	☆ユカ☆ さん	http://akihiro0105.web.fc2.com/Downloads/image/htsvoice/juune_rou_htsvoice.png	https://www.dropbox.com/s/elt5kbgbzeaksls/%E7%8D%A3%E9%9F%B3%E3%83%AD%E3%82%A6_1.0.zip?dl=1
