キャラ名	DropBoxID
想音いくる	lhjwmh6tosmv7tm
想音いくと	5yrh8j4gaqmbn89
京歌カオル	x1f7bldwjrmzton
20代男性01	vsrsxx0h368ru2m
なないろニジ	rb4t4x1p8x7182r
遠藤愛	aibhqzakxv6a7iw
遊音一莉	0afvd64suh51e9g
スランキ	letu9qbtspuqa68
蒼歌ネロ	1q7ayg05bv8c95x
緋惺	fbr6wcaoaj6gfs5
天月りよん	cqfuwsns0kveo75
句音コノ。	o6vd5d43spnqiqw
唱地ヨエ	1oqbtc4mqo76r7d
カマ声ギル子	ueivoklj4w5alec
ワタシ	dhhxe5ax8gq9wf7
飴音わめあ	0a9sdvdc97y8cjy
能民音ソウ	wzg3elfzpj3r1nn
空唄カナタ	565p1ezszoukfy7
戯歌ラカン	divfct7u7deilpa
誠音コト	biaaofnmd9idit1
白狐舞	o9sxfyfd2zo8hk3
松尾P	ji63elmcjk60esf
瑞歌ミズキ Talk	r9upv0z7wa8psb6
薪宮風季	9ocd1o0a8adabuy
和音シバ	4bawa2afl4hqzu4
グリマルキン	sny6b16eeeayee3
闇夜 桜	7ut7pfmjoaqdaj3
月音ラミ	vf4je8a4y2v1znz
桃音モモ	t96gik07qrn2oes
獣音ロウ	elt5kbgbzeaksls
